date,company,product_id,category,sales,price,promotion,stockout_days
2022-01-01,Company A,P001,OTC,81.7,8.19,0,0
2022-02-01,Company A,P001,OTC,104.4,8.03,1,1
2022-03-01,Company A,P001,OTC,95.2,8.22,0,3
2022-04-01,Company A,P001,OTC,113.4,8.12,0,0
2022-05-01,Company A,P001,OTC,95.9,8.22,0,0
2022-06-01,Company A,P001,OTC,94.6,8.31,0,3
2022-07-01,Company A,P001,OTC,92.0,8.13,0,0
2022-08-01,Company A,P001,OTC,93.0,8.54,0,5
2022-09-01,Company A,P001,OTC,79.5,8.15,0,0
2022-10-01,Company A,P001,OTC,78.5,7.79,0,0
2022-11-01,Company A,P001,OTC,92.0,7.83,0,2
2022-12-01,Company A,P001,OTC,94.5,8.22,0,0
2023-01-01,Company A,P001,OTC,100.1,8.07,0,0
2023-02-01,Company A,P001,OTC,103.8,7.88,0,0
2023-03-01,Company A,P001,OTC,123.6,7.78,0,0
2023-04-01,Company A,P001,OTC,111.3,8.04,0,0
2023-05-01,Company A,P001,OTC,119.5,7.91,0,0
2023-06-01,Company A,P001,OTC,108.1,7.68,0,0
2023-07-01,Company A,P001,OTC,126.4,8.04,1,0
2023-08-01,Company A,P001,OTC,100.5,8.16,0,0
2023-09-01,Company A,P001,OTC,90.3,7.91,0,0
2023-10-01,Company A,P001,OTC,98.7,7.88,0,0
2023-11-01,Company A,P001,OTC,100.8,8.17,0,0
2023-12-01,Company A,P001,OTC,101.8,7.58,0,0
2024-01-01,Company A,P001,OTC,119.2,8.1,1,0
2024-02-01,Company A,P001,OTC,126.4,7.91,0,1
2024-03-01,Company A,P001,OTC,119.5,7.76,0,3
2024-04-01,Company A,P001,OTC,109.8,8.11,0,0
2024-05-01,Company A,P001,OTC,111.2,8.02,0,1
2024-06-01,Company A,P001,OTC,119.4,8.4,0,0
2024-07-01,Company A,P001,OTC,133.4,8.05,1,0
2024-08-01,Company A,P001,OTC,111.7,8.37,0,0
2024-09-01,Company A,P001,OTC,97.8,7.9,0,0
2024-10-01,Company A,P001,OTC,102.6,7.63,0,0
2024-11-01,Company A,P001,OTC,113.5,8.5,0,0
2024-12-01,Company A,P001,OTC,104.1,7.47,0,0
2025-01-01,Company A,P001,OTC,115.5,7.85,0,0
2025-02-01,Company A,P001,OTC,126.9,7.96,0,0
2025-03-01,Company A,P001,OTC,144.9,7.99,1,1
2025-04-01,Company A,P001,OTC,141.1,7.88,0,0
2025-05-01,Company A,P001,OTC,144.6,8.53,1,2
2025-06-01,Company A,P001,OTC,121.6,8.23,0,0
2025-07-01,Company A,P001,OTC,123.3,7.84,0,0
2025-08-01,Company A,P001,OTC,126.6,7.68,1,3
2025-09-01,Company A,P001,OTC,116.1,7.97,0,0
2025-10-01,Company A,P001,OTC,115.8,7.9,0,0
2025-11-01,Company A,P001,OTC,146.7,8.05,1,3
2025-12-01,Company A,P001,OTC,134.8,8.43,0,0
2022-01-01,Company A,P002,OTC,119.7,9.52,0,0
2022-02-01,Company A,P002,OTC,112.8,9.8,0,0
2022-03-01,Company A,P002,OTC,151.2,9.82,1,0
2022-04-01,Company A,P002,OTC,124.4,9.59,0,0
2022-05-01,Company A,P002,OTC,121.1,10.03,0,1
2022-06-01,Company A,P002,OTC,115.7,9.72,0,0
2022-07-01,Company A,P002,OTC,124.2,9.76,0,3
2022-08-01,Company A,P002,OTC,127.4,9.84,1,0
2022-09-01,Company A,P002,OTC,105.1,10.43,0,0
2022-10-01,Company A,P002,OTC,100.0,9.43,0,1
2022-11-01,Company A,P002,OTC,132.7,9.62,1,1
2022-12-01,Company A,P002,OTC,109.8,9.53,0,2
2023-01-01,Company A,P002,OTC,114.8,9.58,0,0
2023-02-01,Company A,P002,OTC,115.2,10.33,0,0
2023-03-01,Company A,P002,OTC,147.7,10.53,0,0
2023-04-01,Company A,P002,OTC,138.5,10.23,0,0
2023-05-01,Company A,P002,OTC,141.1,9.91,0,0
2023-06-01,Company A,P002,OTC,119.6,9.74,0,0
2023-07-01,Company A,P002,OTC,120.1,9.92,0,0
2023-08-01,Company A,P002,OTC,121.3,9.81,0,2
2023-09-01,Company A,P002,OTC,116.8,9.78,0,0
2023-10-01,Company A,P002,OTC,116.4,9.61,0,0
2023-11-01,Company A,P002,OTC,107.2,10.1,0,0
2023-12-01,Company A,P002,OTC,108.2,10.03,0,3
2024-01-01,Company A,P002,OTC,126.3,9.87,0,0
2024-02-01,Company A,P002,OTC,137.2,9.74,0,0
2024-03-01,Company A,P002,OTC,123.5,9.74,0,0
2024-04-01,Company A,P002,OTC,143.9,9.36,0,0
2024-05-01,Company A,P002,OTC,133.6,10.02,0,0
2024-06-01,Company A,P002,OTC,133.3,9.72,0,3
2024-07-01,Company A,P002,OTC,149.5,10.09,0,0
2024-08-01,Company A,P002,OTC,133.0,10.01,0,0
2024-09-01,Company A,P002,OTC,119.7,10.05,0,0
2024-10-01,Company A,P002,OTC,122.8,10.09,0,0
2024-11-01,Company A,P002,OTC,133.0,9.41,0,0
2024-12-01,Company A,P002,OTC,129.1,10.18,0,1
2025-01-01,Company A,P002,OTC,133.0,9.81,0,0
2025-02-01,Company A,P002,OTC,169.5,10.09,1,0
2025-03-01,Company A,P002,OTC,157.5,9.82,0,1
2025-04-01,Company A,P002,OTC,141.4,9.65,0,0
2025-05-01,Company A,P002,OTC,186.7,9.89,1,0
2025-06-01,Company A,P002,OTC,159.2,10.07,0,3
2025-07-01,Company A,P002,OTC,148.8,9.58,0,0
2025-08-01,Company A,P002,OTC,143.6,10.05,0,0
2025-09-01,Company A,P002,OTC,148.2,9.61,0,3
2025-10-01,Company A,P002,OTC,142.2,9.8,0,5
2025-11-01,Company A,P002,OTC,144.9,9.94,0,2
2025-12-01,Company A,P002,OTC,128.2,10.2,0,0
2022-01-01,Company A,P003,Prescription,154.5,11.2,1,0
2022-02-01,Company A,P003,Prescription,128.7,11.71,0,3
2022-03-01,Company A,P003,Prescription,130.6,11.02,0,2
2022-04-01,Company A,P003,Prescription,148.8,11.78,0,5
2022-05-01,Company A,P003,Prescription,145.1,11.79,0,3
2022-06-01,Company A,P003,Prescription,151.6,11.56,1,1
2022-07-01,Company A,P003,Prescription,129.1,11.73,0,0
2022-08-01,Company A,P003,Prescription,149.9,11.1,1,2
2022-09-01,Company A,P003,Prescription,101.8,11.43,0,2
2022-10-01,Company A,P003,Prescription,120.9,11.87,0,2
2022-11-01,Company A,P003,Prescription,134.4,11.94,1,0
2022-12-01,Company A,P003,Prescription,124.7,11.23,0,0
2023-01-01,Company A,P003,Prescription,144.9,12.03,0,0
2023-02-01,Company A,P003,Prescription,157.2,11.72,1,3
2023-03-01,Company A,P003,Prescription,161.8,11.45,0,0
2023-04-01,Company A,P003,Prescription,152.4,11.71,0,0
2023-05-01,Company A,P003,Prescription,159.4,11.93,0,0
2023-06-01,Company A,P003,Prescription,160.2,11.52,0,3
2023-07-01,Company A,P003,Prescription,143.7,11.69,0,0
2023-08-01,Company A,P003,Prescription,156.3,11.64,1,0
2023-09-01,Company A,P003,Prescription,135.6,11.59,0,0
2023-10-01,Company A,P003,Prescription,119.1,11.08,0,0
2023-11-01,Company A,P003,Prescription,150.7,12.08,1,0
2023-12-01,Company A,P003,Prescription,144.7,11.5,0,0
2024-01-01,Company A,P003,Prescription,155.9,11.52,0,0
2024-02-01,Company A,P003,Prescription,160.1,12.25,0,0
2024-03-01,Company A,P003,Prescription,167.6,11.75,0,0
2024-04-01,Company A,P003,Prescription,163.8,11.71,0,2
2024-05-01,Company A,P003,Prescription,173.9,11.77,0,2
2024-06-01,Company A,P003,Prescription,179.9,11.71,1,0
2024-07-01,Company A,P003,Prescription,142.5,11.52,0,2
2024-08-01,Company A,P003,Prescription,161.2,11.82,0,0
2024-09-01,Company A,P003,Prescription,139.7,11.46,1,5
2024-10-01,Company A,P003,Prescription,139.8,11.72,0,1
2024-11-01,Company A,P003,Prescription,148.3,11.58,0,0
2024-12-01,Company A,P003,Prescription,159.7,11.43,0,2
2025-01-01,Company A,P003,Prescription,155.7,11.38,0,5
2025-02-01,Company A,P003,Prescription,183.7,11.49,0,0
2025-03-01,Company A,P003,Prescription,181.4,11.99,0,0
2025-04-01,Company A,P003,Prescription,179.0,11.71,0,0
2025-05-01,Company A,P003,Prescription,177.1,11.89,0,0
2025-06-01,Company A,P003,Prescription,181.1,11.39,1,0
2025-07-01,Company A,P003,Prescription,167.7,11.56,0,0
2025-08-01,Company A,P003,Prescription,168.4,11.77,0,2
2025-09-01,Company A,P003,Prescription,160.3,12.11,0,0
2025-10-01,Company A,P003,Prescription,150.8,11.34,0,0
2025-11-01,Company A,P003,Prescription,155.9,11.38,0,0
2025-12-01,Company A,P003,Prescription,167.3,11.41,0,0
2022-01-01,Company A,P004,Prescription,142.7,13.24,0,0
2022-02-01,Company A,P004,Prescription,139.6,13.38,0,0
2022-03-01,Company A,P004,Prescription,158.2,13.04,0,0
2022-04-01,Company A,P004,Prescription,157.5,13.49,0,1
2022-05-01,Company A,P004,Prescription,156.7,13.13,0,0
2022-06-01,Company A,P004,Prescription,146.4,13.19,0,0
2022-07-01,Company A,P004,Prescription,141.2,13.46,0,1
2022-08-01,Company A,P004,Prescription,142.7,12.99,0,0
2022-09-01,Company A,P004,Prescription,138.7,13.6,0,0
2022-10-01,Company A,P004,Prescription,146.6,13.26,0,0
2022-11-01,Company A,P004,Prescription,140.1,13.54,0,2
2022-12-01,Company A,P004,Prescription,155.3,13.53,1,0
2023-01-01,Company A,P004,Prescription,146.5,13.51,0,2
2023-02-01,Company A,P004,Prescription,170.8,13.46,0,0
2023-03-01,Company A,P004,Prescription,167.1,13.41,0,0
2023-04-01,Company A,P004,Prescription,177.2,13.27,0,3
2023-05-01,Company A,P004,Prescription,164.6,12.8,0,0
2023-06-01,Company A,P004,Prescription,166.5,12.92,0,0
2023-07-01,Company A,P004,Prescription,163.4,13.12,0,0
2023-08-01,Company A,P004,Prescription,148.1,13.57,0,5
2023-09-01,Company A,P004,Prescription,154.1,13.36,0,0
2023-10-01,Company A,P004,Prescription,146.2,12.97,0,0
2023-11-01,Company A,P004,Prescription,173.9,13.36,0,0
2023-12-01,Company A,P004,Prescription,187.4,13.48,1,0
2024-01-01,Company A,P004,Prescription,181.5,13.32,0,5
2024-02-01,Company A,P004,Prescription,171.8,13.31,0,3
2024-03-01,Company A,P004,Prescription,171.6,13.52,0,0
2024-04-01,Company A,P004,Prescription,193.6,13.47,0,0
2024-05-01,Company A,P004,Prescription,193.6,13.49,0,2
2024-06-01,Company A,P004,Prescription,187.0,13.5,0,1
2024-07-01,Company A,P004,Prescription,183.8,13.71,0,0
2024-08-01,Company A,P004,Prescription,170.0,13.29,0,0
2024-09-01,Company A,P004,Prescription,182.7,13.29,0,5
2024-10-01,Company A,P004,Prescription,168.3,13.64,0,5
2024-11-01,Company A,P004,Prescription,184.8,12.82,1,0
2024-12-01,Company A,P004,Prescription,177.0,13.68,0,0
2025-01-01,Company A,P004,Prescription,203.3,13.66,1,0
2025-02-01,Company A,P004,Prescription,197.4,13.34,0,0
2025-03-01,Company A,P004,Prescription,222.1,13.14,1,0
2025-04-01,Company A,P004,Prescription,191.5,13.01,0,0
2025-05-01,Company A,P004,Prescription,192.6,13.38,0,0
2025-06-01,Company A,P004,Prescription,185.6,13.17,0,0
2025-07-01,Company A,P004,Prescription,198.9,13.11,0,0
2025-08-01,Company A,P004,Prescription,188.3,13.54,0,0
2025-09-01,Company A,P004,Prescription,185.9,13.59,0,0
2025-10-01,Company A,P004,Prescription,184.2,13.65,1,0
2025-11-01,Company A,P004,Prescription,172.1,13.42,0,2
2025-12-01,Company A,P004,Prescription,196.7,13.31,0,2
2022-01-01,Company A,P005,Wellness,159.6,14.95,0,0
2022-02-01,Company A,P005,Wellness,179.4,14.97,0,0
2022-03-01,Company A,P005,Wellness,180.2,15.51,0,0
2022-04-01,Company A,P005,Wellness,184.9,15.29,0,0
2022-05-01,Company A,P005,Wellness,192.8,14.88,1,1
2022-06-01,Company A,P005,Wellness,186.3,15.26,0,0
2022-07-01,Company A,P005,Wellness,171.3,14.93,0,0
2022-08-01,Company A,P005,Wellness,153.5,15.19,0,0
2022-09-01,Company A,P005,Wellness,167.3,15.2,0,3
2022-10-01,Company A,P005,Wellness,157.9,14.93,0,0
2022-11-01,Company A,P005,Wellness,170.7,15.33,1,0
2022-12-01,Company A,P005,Wellness,168.1,15.45,0,0
2023-01-01,Company A,P005,Wellness,177.7,14.99,0,0
2023-02-01,Company A,P005,Wellness,188.7,15.52,0,0
2023-03-01,Company A,P005,Wellness,182.1,15.12,0,0
2023-04-01,Company A,P005,Wellness,208.6,15.26,1,0
2023-05-01,Company A,P005,Wellness,215.1,15.1,1,0
2023-06-01,Company A,P005,Wellness,181.6,15.08,0,0
2023-07-01,Company A,P005,Wellness,187.6,14.91,0,0
2023-08-01,Company A,P005,Wellness,179.6,15.21,0,0
2023-09-01,Company A,P005,Wellness,154.1,15.3,0,0
2023-10-01,Company A,P005,Wellness,189.8,15.01,1,1
2023-11-01,Company A,P005,Wellness,207.5,15.66,1,0
2023-12-01,Company A,P005,Wellness,184.7,15.64,0,3
2024-01-01,Company A,P005,Wellness,195.6,15.99,0,0
2024-02-01,Company A,P005,Wellness,208.8,15.11,0,0
2024-03-01,Company A,P005,Wellness,207.7,15.27,0,0
2024-04-01,Company A,P005,Wellness,214.0,14.72,0,5
2024-05-01,Company A,P005,Wellness,198.4,15.19,0,3
2024-06-01,Company A,P005,Wellness,212.8,14.86,0,0
2024-07-01,Company A,P005,Wellness,200.0,15.27,0,0
2024-08-01,Company A,P005,Wellness,195.2,14.73,0,0
2024-09-01,Company A,P005,Wellness,189.1,15.17,0,2
2024-10-01,Company A,P005,Wellness,197.8,14.92,0,5
2024-11-01,Company A,P005,Wellness,213.7,15.51,1,0
2024-12-01,Company A,P005,Wellness,204.2,14.99,1,0
2025-01-01,Company A,P005,Wellness,208.4,15.12,0,2
2025-02-01,Company A,P005,Wellness,209.5,15.32,0,0
2025-03-01,Company A,P005,Wellness,223.6,15.16,0,0
2025-04-01,Company A,P005,Wellness,242.4,15.14,0,0
2025-05-01,Company A,P005,Wellness,216.7,15.01,0,0
2025-06-01,Company A,P005,Wellness,216.5,15.45,0,2
2025-07-01,Company A,P005,Wellness,208.1,15.33,0,0
2025-08-01,Company A,P005,Wellness,207.5,14.98,0,3
2025-09-01,Company A,P005,Wellness,204.9,15.67,0,0
2025-10-01,Company A,P005,Wellness,203.7,15.22,0,0
2025-11-01,Company A,P005,Wellness,218.1,15.61,0,0
2025-12-01,Company A,P005,Wellness,206.0,15.18,0,0
2022-01-01,Company A,P006,Wellness,199.7,17.22,1,0
2022-02-01,Company A,P006,Wellness,191.7,16.91,0,0
2022-03-01,Company A,P006,Wellness,199.7,16.09,0,0
2022-04-01,Company A,P006,Wellness,204.0,16.71,0,0
2022-05-01,Company A,P006,Wellness,195.6,17.56,0,1
2022-06-01,Company A,P006,Wellness,207.9,17.03,0,0
2022-07-01,Company A,P006,Wellness,188.1,16.66,0,0
2022-08-01,Company A,P006,Wellness,207.2,17.01,1,0
2022-09-01,Company A,P006,Wellness,179.1,17.15,0,0
2022-10-01,Company A,P006,Wellness,185.4,16.9,0,0
2022-11-01,Company A,P006,Wellness,183.9,16.62,0,0
2022-12-01,Company A,P006,Wellness,190.4,17.16,0,0
2023-01-01,Company A,P006,Wellness,194.4,16.88,0,0
2023-02-01,Company A,P006,Wellness,220.6,17.33,0,0
2023-03-01,Company A,P006,Wellness,219.6,17.03,0,3
2023-04-01,Company A,P006,Wellness,216.5,16.82,0,0
2023-05-01,Company A,P006,Wellness,216.3,17.09,0,0
2023-06-01,Company A,P006,Wellness,217.8,17.09,0,0
2023-07-01,Company A,P006,Wellness,201.2,16.59,0,0
2023-08-01,Company A,P006,Wellness,199.0,16.93,0,0
2023-09-01,Company A,P006,Wellness,196.9,17.08,0,0
2023-10-01,Company A,P006,Wellness,176.5,16.91,0,0
2023-11-01,Company A,P006,Wellness,196.9,17.26,0,5
2023-12-01,Company A,P006,Wellness,200.2,17.12,0,0
2024-01-01,Company A,P006,Wellness,221.5,16.86,0,3
2024-02-01,Company A,P006,Wellness,215.4,17.24,0,0
2024-03-01,Company A,P006,Wellness,224.2,16.79,0,3
2024-04-01,Company A,P006,Wellness,226.2,17.11,0,1
2024-05-01,Company A,P006,Wellness,233.9,17.61,0,0
2024-06-01,Company A,P006,Wellness,229.8,17.1,0,0
2024-07-01,Company A,P006,Wellness,220.8,17.36,0,2
2024-08-01,Company A,P006,Wellness,210.2,16.98,0,0
2024-09-01,Company A,P006,Wellness,222.5,16.98,0,1
2024-10-01,Company A,P006,Wellness,226.4,16.6,1,0
2024-11-01,Company A,P006,Wellness,224.3,17.7,0,3
2024-12-01,Company A,P006,Wellness,223.0,16.96,0,1
2025-01-01,Company A,P006,Wellness,231.3,16.9,0,0
2025-02-01,Company A,P006,Wellness,245.0,16.93,0,0
2025-03-01,Company A,P006,Wellness,253.4,17.05,0,5
2025-04-01,Company A,P006,Wellness,250.1,17.39,0,1
2025-05-01,Company A,P006,Wellness,259.8,17.28,0,0
2025-06-01,Company A,P006,Wellness,267.6,16.73,1,1
2025-07-01,Company A,P006,Wellness,232.4,17.33,0,0
2025-08-01,Company A,P006,Wellness,230.0,16.71,0,3
2025-09-01,Company A,P006,Wellness,228.4,17.28,0,0
2025-10-01,Company A,P006,Wellness,219.1,17.11,0,0
2025-11-01,Company A,P006,Wellness,228.7,16.95,0,0
2025-12-01,Company A,P006,Wellness,237.0,16.94,0,2
2022-01-01,Company A,P007,OTC,195.9,18.63,0,0
2022-02-01,Company A,P007,OTC,215.8,18.82,0,1
2022-03-01,Company A,P007,OTC,211.5,19.23,0,0
2022-04-01,Company A,P007,OTC,210.2,18.8,0,0
2022-05-01,Company A,P007,OTC,229.4,19.05,1,2
2022-06-01,Company A,P007,OTC,219.3,18.87,0,0
2022-07-01,Company A,P007,OTC,208.0,18.8,0,5
2022-08-01,Company A,P007,OTC,191.3,18.5,0,0
2022-09-01,Company A,P007,OTC,187.7,18.55,0,0
2022-10-01,Company A,P007,OTC,214.1,18.7,0,0
2022-11-01,Company A,P007,OTC,187.5,18.77,0,0
2022-12-01,Company A,P007,OTC,195.9,18.61,0,0
2023-01-01,Company A,P007,OTC,219.6,18.47,0,0
2023-02-01,Company A,P007,OTC,228.8,18.8,0,0
2023-03-01,Company A,P007,OTC,232.6,18.95,0,3
2023-04-01,Company A,P007,OTC,240.9,18.74,0,0
2023-05-01,Company A,P007,OTC,248.4,18.49,0,0
2023-06-01,Company A,P007,OTC,221.4,18.47,0,0
2023-07-01,Company A,P007,OTC,224.5,18.64,0,0
2023-08-01,Company A,P007,OTC,213.8,19.37,0,0
2023-09-01,Company A,P007,OTC,214.1,18.75,0,3
2023-10-01,Company A,P007,OTC,224.9,18.35,1,0
2023-11-01,Company A,P007,OTC,231.6,18.79,0,2
2023-12-01,Company A,P007,OTC,233.2,18.57,0,0
2024-01-01,Company A,P007,OTC,229.9,18.94,0,2
2024-02-01,Company A,P007,OTC,233.0,18.5,0,0
2024-03-01,Company A,P007,OTC,248.6,18.88,0,0
2024-04-01,Company A,P007,OTC,255.6,18.95,0,0
2024-05-01,Company A,P007,OTC,242.9,19.22,0,0
2024-06-01,Company A,P007,OTC,248.6,18.7,0,3
2024-07-01,Company A,P007,OTC,231.1,19.04,0,0
2024-08-01,Company A,P007,OTC,241.5,18.62,0,0
2024-09-01,Company A,P007,OTC,235.9,19.23,0,0
2024-10-01,Company A,P007,OTC,236.9,19.0,0,0
2024-11-01,Company A,P007,OTC,238.4,18.59,0,3
2024-12-01,Company A,P007,OTC,249.9,19.18,0,3
2025-01-01,Company A,P007,OTC,255.7,18.64,0,0
2025-02-01,Company A,P007,OTC,291.2,18.89,1,0
2025-03-01,Company A,P007,OTC,248.8,18.3,0,0
2025-04-01,Company A,P007,OTC,289.3,18.47,1,2
2025-05-01,Company A,P007,OTC,275.8,18.84,0,0
2025-06-01,Company A,P007,OTC,249.3,18.86,0,5
2025-07-01,Company A,P007,OTC,256.5,18.51,0,0
2025-08-01,Company A,P007,OTC,240.7,18.95,0,0
2025-09-01,Company A,P007,OTC,234.6,18.55,0,0
2025-10-01,Company A,P007,OTC,251.6,18.5,0,1
2025-11-01,Company A,P007,OTC,260.8,18.94,0,2
2025-12-01,Company A,P007,OTC,284.4,18.43,1,0
2022-01-01,Company A,P008,Prescription,211.5,20.59,0,0
2022-02-01,Company A,P008,Prescription,250.4,20.67,1,0
2022-03-01,Company A,P008,Prescription,237.3,20.13,0,0
2022-04-01,Company A,P008,Prescription,237.1,20.7,0,5
2022-05-01,Company A,P008,Prescription,257.9,21.28,1,0
2022-06-01,Company A,P008,Prescription,234.6,20.71,0,0
2022-07-01,Company A,P008,Prescription,244.3,20.68,0,1
2022-08-01,Company A,P008,Prescription,219.6,20.54,0,3
2022-09-01,Company A,P008,Prescription,219.8,21.08,0,0
2022-10-01,Company A,P008,Prescription,212.7,20.5,0,0
2022-11-01,Company A,P008,Prescription,227.6,20.17,0,0
2022-12-01,Company A,P008,Prescription,230.1,20.32,0,0
2023-01-01,Company A,P008,Prescription,243.4,20.22,0,5
2023-02-01,Company A,P008,Prescription,231.5,20.59,0,1
2023-03-01,Company A,P008,Prescription,252.5,20.67,0,5
2023-04-01,Company A,P008,Prescription,231.7,20.52,0,0
2023-05-01,Company A,P008,Prescription,255.1,20.91,0,0
2023-06-01,Company A,P008,Prescription,243.6,20.43,0,0
2023-07-01,Company A,P008,Prescription,267.2,20.13,1,5
2023-08-01,Company A,P008,Prescription,238.7,20.74,0,5
2023-09-01,Company A,P008,Prescription,234.1,20.55,0,0
2023-10-01,Company A,P008,Prescription,242.0,20.66,0,0
2023-11-01,Company A,P008,Prescription,244.1,20.5,0,0
2023-12-01,Company A,P008,Prescription,256.8,20.94,0,0
2024-01-01,Company A,P008,Prescription,263.3,20.84,0,0
2024-02-01,Company A,P008,Prescription,262.3,20.7,0,0
2024-03-01,Company A,P008,Prescription,263.5,20.81,0,0
2024-04-01,Company A,P008,Prescription,280.2,20.53,0,0
2024-05-01,Company A,P008,Prescription,279.0,20.66,1,0
2024-06-01,Company A,P008,Prescription,246.9,20.29,0,0
2024-07-01,Company A,P008,Prescription,268.1,20.25,0,0
2024-08-01,Company A,P008,Prescription,262.2,21.18,0,0
2024-09-01,Company A,P008,Prescription,251.6,20.52,0,2
2024-10-01,Company A,P008,Prescription,253.0,20.97,0,0
2024-11-01,Company A,P008,Prescription,260.4,21.05,0,0
2024-12-01,Company A,P008,Prescription,260.6,20.39,0,0
2025-01-01,Company A,P008,Prescription,275.4,20.28,0,0
2025-02-01,Company A,P008,Prescription,269.5,20.63,0,0
2025-03-01,Company A,P008,Prescription,272.4,20.55,0,0
2025-04-01,Company A,P008,Prescription,300.3,20.5,1,0
2025-05-01,Company A,P008,Prescription,298.2,20.63,0,1
2025-06-01,Company A,P008,Prescription,283.8,20.82,0,0
2025-07-01,Company A,P008,Prescription,286.3,20.45,0,0
2025-08-01,Company A,P008,Prescription,270.9,20.51,0,0
2025-09-01,Company A,P008,Prescription,266.8,20.78,0,0
2025-10-01,Company A,P008,Prescription,270.8,20.93,0,0
2025-11-01,Company A,P008,Prescription,283.3,20.07,0,1
2025-12-01,Company A,P008,Prescription,287.1,20.62,0,0
2022-01-01,Company B,P001,OTC,86.0,8.08,0,1
2022-02-01,Company B,P001,OTC,119.3,8.42,0,2
2022-03-01,Company B,P001,OTC,92.0,8.44,0,3
2022-04-01,Company B,P001,OTC,125.0,8.8,0,0
2022-05-01,Company B,P001,OTC,120.5,8.64,0,0
2022-06-01,Company B,P001,OTC,102.7,9.0,0,0
2022-07-01,Company B,P001,OTC,93.3,8.27,0,2
2022-08-01,Company B,P001,OTC,108.3,8.56,0,0
2022-09-01,Company B,P001,OTC,96.1,8.05,0,0
2022-10-01,Company B,P001,OTC,100.4,8.11,0,0
2022-11-01,Company B,P001,OTC,96.7,8.16,0,0
2022-12-01,Company B,P001,OTC,111.0,8.7,0,0
2023-01-01,Company B,P001,OTC,112.7,8.3,0,2
2023-02-01,Company B,P001,OTC,113.3,8.21,0,0
2023-03-01,Company B,P001,OTC,110.9,8.51,0,1
2023-04-01,Company B,P001,OTC,125.9,8.14,0,0
2023-05-01,Company B,P001,OTC,151.4,7.95,1,0
2023-06-01,Company B,P001,OTC,120.4,8.64,0,0
2023-07-01,Company B,P001,OTC,103.4,7.91,0,0
2023-08-01,Company B,P001,OTC,107.6,8.15,0,2
2023-09-01,Company B,P001,OTC,101.8,8.59,0,0
2023-10-01,Company B,P001,OTC,108.7,8.89,0,1
2023-11-01,Company B,P001,OTC,118.3,8.82,0,0
2023-12-01,Company B,P001,OTC,125.3,8.63,0,1
2024-01-01,Company B,P001,OTC,118.1,8.57,0,0
2024-02-01,Company B,P001,OTC,128.6,8.33,0,0
2024-03-01,Company B,P001,OTC,119.0,8.58,0,0
2024-04-01,Company B,P001,OTC,136.0,8.69,0,0
2024-05-01,Company B,P001,OTC,143.8,7.91,0,0
2024-06-01,Company B,P001,OTC,157.8,8.2,1,0
2024-07-01,Company B,P001,OTC,125.9,8.57,0,3
2024-08-01,Company B,P001,OTC,128.6,8.5,0,0
2024-09-01,Company B,P001,OTC,121.2,7.9,0,0
2024-10-01,Company B,P001,OTC,116.8,8.47,0,0
2024-11-01,Company B,P001,OTC,113.3,8.37,0,0
2024-12-01,Company B,P001,OTC,120.9,8.44,0,0
2025-01-01,Company B,P001,OTC,116.7,8.69,0,3
2025-02-01,Company B,P001,OTC,128.8,8.47,0,0
2025-03-01,Company B,P001,OTC,137.2,8.56,0,2
2025-04-01,Company B,P001,OTC,139.6,8.48,0,5
2025-05-01,Company B,P001,OTC,148.0,8.44,0,0
2025-06-01,Company B,P001,OTC,143.7,8.32,0,0
2025-07-01,Company B,P001,OTC,127.4,8.37,0,0
2025-08-01,Company B,P001,OTC,153.5,8.37,1,0
2025-09-01,Company B,P001,OTC,133.8,8.37,0,1
2025-10-01,Company B,P001,OTC,114.9,8.37,0,0
2025-11-01,Company B,P001,OTC,124.7,9.09,0,0
2025-12-01,Company B,P001,OTC,142.6,8.38,1,0
2022-01-01,Company B,P002,OTC,121.9,10.78,0,0
2022-02-01,Company B,P002,OTC,136.1,10.26,0,2
2022-03-01,Company B,P002,OTC,139.1,10.27,0,5
2022-04-01,Company B,P002,OTC,132.1,10.17,0,0
2022-05-01,Company B,P002,OTC,144.2,9.95,0,0
2022-06-01,Company B,P002,OTC,140.6,10.32,0,2
2022-07-01,Company B,P002,OTC,126.1,10.31,0,3
2022-08-01,Company B,P002,OTC,117.7,9.94,0,0
2022-09-01,Company B,P002,OTC,104.3,10.25,0,1
2022-10-01,Company B,P002,OTC,111.2,10.67,0,2
2022-11-01,Company B,P002,OTC,122.4,10.11,0,0
2022-12-01,Company B,P002,OTC,119.2,10.52,0,0
2023-01-01,Company B,P002,OTC,125.8,10.16,0,0
2023-02-01,Company B,P002,OTC,152.6,10.87,0,0
2023-03-01,Company B,P002,OTC,135.6,10.11,0,0
2023-04-01,Company B,P002,OTC,157.4,10.26,1,0
2023-05-01,Company B,P002,OTC,139.5,11.0,0,0
2023-06-01,Company B,P002,OTC,139.0,10.32,0,0
2023-07-01,Company B,P002,OTC,145.5,10.37,0,0
2023-08-01,Company B,P002,OTC,121.5,10.67,0,0
2023-09-01,Company B,P002,OTC,106.8,10.05,0,0
2023-10-01,Company B,P002,OTC,134.2,9.9,0,0
2023-11-01,Company B,P002,OTC,114.8,10.3,0,0
2023-12-01,Company B,P002,OTC,119.3,10.22,0,0
2024-01-01,Company B,P002,OTC,137.6,10.19,0,0
2024-02-01,Company B,P002,OTC,147.6,10.2,0,1
2024-03-01,Company B,P002,OTC,159.9,10.3,0,1
2024-04-01,Company B,P002,OTC,143.2,9.81,0,0
2024-05-01,Company B,P002,OTC,159.2,10.18,0,5
2024-06-01,Company B,P002,OTC,157.6,10.23,0,2
2024-07-01,Company B,P002,OTC,157.4,10.46,0,2
2024-08-01,Company B,P002,OTC,148.4,10.69,0,5
2024-09-01,Company B,P002,OTC,143.3,10.31,0,0
2024-10-01,Company B,P002,OTC,141.0,10.32,0,0
2024-11-01,Company B,P002,OTC,151.0,10.07,0,0
2024-12-01,Company B,P002,OTC,152.2,9.93,0,0
2025-01-01,Company B,P002,OTC,153.4,10.02,0,0
2025-02-01,Company B,P002,OTC,155.9,10.36,0,0
2025-03-01,Company B,P002,OTC,188.9,10.13,1,0
2025-04-01,Company B,P002,OTC,173.0,9.95,0,0
2025-05-01,Company B,P002,OTC,180.2,10.56,0,3
2025-06-01,Company B,P002,OTC,181.0,10.47,1,0
2025-07-01,Company B,P002,OTC,165.6,10.16,0,1
2025-08-01,Company B,P002,OTC,144.0,9.84,0,0
2025-09-01,Company B,P002,OTC,159.8,9.89,0,0
2025-10-01,Company B,P002,OTC,143.7,10.33,0,0
2025-11-01,Company B,P002,OTC,141.7,10.35,0,2
2025-12-01,Company B,P002,OTC,164.4,10.1,0,0
2022-01-01,Company B,P003,Prescription,135.9,11.95,0,0
2022-02-01,Company B,P003,Prescription,143.4,11.83,0,3
2022-03-01,Company B,P003,Prescription,158.8,12.07,0,3
2022-04-01,Company B,P003,Prescription,157.4,12.14,0,5
2022-05-01,Company B,P003,Prescription,149.8,12.23,0,0
2022-06-01,Company B,P003,Prescription,160.7,11.34,0,0
2022-07-01,Company B,P003,Prescription,141.7,11.73,0,0
2022-08-01,Company B,P003,Prescription,121.9,12.38,0,0
2022-09-01,Company B,P003,Prescription,127.8,11.85,0,0
2022-10-01,Company B,P003,Prescription,117.6,12.0,0,3
2022-11-01,Company B,P003,Prescription,123.7,12.5,0,0
2022-12-01,Company B,P003,Prescription,136.0,11.9,0,3
2023-01-01,Company B,P003,Prescription,140.7,11.55,0,0
2023-02-01,Company B,P003,Prescription,171.5,11.87,1,0
2023-03-01,Company B,P003,Prescription,166.9,12.16,0,0
2023-04-01,Company B,P003,Prescription,171.3,11.84,0,0
2023-05-01,Company B,P003,Prescription,166.2,11.95,0,3
2023-06-01,Company B,P003,Prescription,161.5,12.04,0,0
2023-07-01,Company B,P003,Prescription,176.6,12.08,1,0
2023-08-01,Company B,P003,Prescription,147.9,12.02,0,0
2023-09-01,Company B,P003,Prescription,134.2,12.29,0,0
2023-10-01,Company B,P003,Prescription,174.4,12.22,1,0
2023-11-01,Company B,P003,Prescription,147.3,12.04,0,0
2023-12-01,Company B,P003,Prescription,173.5,11.91,1,0
2024-01-01,Company B,P003,Prescription,184.1,12.24,1,0
2024-02-01,Company B,P003,Prescription,172.7,12.2,0,1
2024-03-01,Company B,P003,Prescription,174.6,12.65,0,0
2024-04-01,Company B,P003,Prescription,185.6,12.16,0,0
2024-05-01,Company B,P003,Prescription,180.2,11.82,0,2
2024-06-01,Company B,P003,Prescription,166.0,12.54,0,0
2024-07-01,Company B,P003,Prescription,170.5,12.09,0,0
2024-08-01,Company B,P003,Prescription,166.1,12.1,0,5
2024-09-01,Company B,P003,Prescription,156.9,11.77,0,0
2024-10-01,Company B,P003,Prescription,135.5,12.15,0,0
2024-11-01,Company B,P003,Prescription,155.6,12.26,0,0
2024-12-01,Company B,P003,Prescription,172.3,11.98,0,0
2025-01-01,Company B,P003,Prescription,177.8,12.33,0,0
2025-02-01,Company B,P003,Prescription,178.4,11.76,0,2
2025-03-01,Company B,P003,Prescription,195.4,12.13,0,0
2025-04-01,Company B,P003,Prescription,202.8,12.39,1,0
2025-05-01,Company B,P003,Prescription,193.9,12.25,0,3
2025-06-01,Company B,P003,Prescription,183.8,11.83,0,5
2025-07-01,Company B,P003,Prescription,183.9,12.19,0,0
2025-08-01,Company B,P003,Prescription,182.4,12.09,0,3
2025-09-01,Company B,P003,Prescription,167.2,11.75,0,0
2025-10-01,Company B,P003,Prescription,169.3,11.78,0,0
2025-11-01,Company B,P003,Prescription,154.7,11.87,0,0
2025-12-01,Company B,P003,Prescription,187.7,12.14,1,5
2022-01-01,Company B,P004,Prescription,155.2,13.78,0,0
2022-02-01,Company B,P004,Prescription,164.7,14.06,0,3
2022-03-01,Company B,P004,Prescription,169.5,14.1,0,0
2022-04-01,Company B,P004,Prescription,157.0,14.29,0,1
2022-05-01,Company B,P004,Prescription,183.3,14.09,1,1
2022-06-01,Company B,P004,Prescription,179.0,13.64,0,0
2022-07-01,Company B,P004,Prescription,166.1,14.02,0,0
2022-08-01,Company B,P004,Prescription,162.0,13.84,0,2
2022-09-01,Company B,P004,Prescription,156.6,14.09,0,0
2022-10-01,Company B,P004,Prescription,148.0,13.92,0,0
2022-11-01,Company B,P004,Prescription,174.9,13.77,0,0
2022-12-01,Company B,P004,Prescription,163.5,14.48,0,1
2023-01-01,Company B,P004,Prescription,163.5,13.81,0,0
2023-02-01,Company B,P004,Prescription,179.6,14.21,0,0
2023-03-01,Company B,P004,Prescription,204.3,14.0,0,1
2023-04-01,Company B,P004,Prescription,195.9,14.13,1,0
2023-05-01,Company B,P004,Prescription,184.4,14.08,0,0
2023-06-01,Company B,P004,Prescription,183.5,14.05,0,0
2023-07-01,Company B,P004,Prescription,182.3,13.71,0,0
2023-08-01,Company B,P004,Prescription,200.4,14.06,1,3
2023-09-01,Company B,P004,Prescription,209.3,13.47,1,3
2023-10-01,Company B,P004,Prescription,161.6,13.63,0,0
2023-11-01,Company B,P004,Prescription,173.8,13.91,0,1
2023-12-01,Company B,P004,Prescription,199.5,13.81,1,0
2024-01-01,Company B,P004,Prescription,168.9,13.65,0,1
2024-02-01,Company B,P004,Prescription,190.0,13.78,0,0
2024-03-01,Company B,P004,Prescription,202.4,13.67,0,0
2024-04-01,Company B,P004,Prescription,200.7,13.44,0,0
2024-05-01,Company B,P004,Prescription,197.2,13.7,0,0
2024-06-01,Company B,P004,Prescription,196.4,14.05,0,5
2024-07-01,Company B,P004,Prescription,187.2,14.01,0,0
2024-08-01,Company B,P004,Prescription,192.3,14.14,0,0
2024-09-01,Company B,P004,Prescription,193.8,13.9,1,1
2024-10-01,Company B,P004,Prescription,177.1,13.53,0,0
2024-11-01,Company B,P004,Prescription,185.7,13.7,0,2
2024-12-01,Company B,P004,Prescription,209.8,14.04,1,2
2025-01-01,Company B,P004,Prescription,201.6,13.63,0,0
2025-02-01,Company B,P004,Prescription,197.5,13.64,0,3
2025-03-01,Company B,P004,Prescription,203.3,13.82,0,5
2025-04-01,Company B,P004,Prescription,202.1,14.14,0,0
2025-05-01,Company B,P004,Prescription,218.1,13.71,1,0
2025-06-01,Company B,P004,Prescription,201.3,13.88,0,0
2025-07-01,Company B,P004,Prescription,213.0,13.6,0,0
2025-08-01,Company B,P004,Prescription,208.6,14.04,0,5
2025-09-01,Company B,P004,Prescription,215.8,13.85,1,0
2025-10-01,Company B,P004,Prescription,201.1,13.85,0,0
2025-11-01,Company B,P004,Prescription,202.3,13.63,0,0
2025-12-01,Company B,P004,Prescription,223.5,13.13,1,0
2022-01-01,Company B,P005,Wellness,169.6,15.2,0,0
2022-02-01,Company B,P005,Wellness,191.1,15.77,0,0
2022-03-01,Company B,P005,Wellness,194.3,16.27,0,0
2022-04-01,Company B,P005,Wellness,213.4,15.99,1,1
2022-05-01,Company B,P005,Wellness,200.6,15.93,0,2
2022-06-01,Company B,P005,Wellness,183.3,15.62,0,0
2022-07-01,Company B,P005,Wellness,159.6,15.59,0,0
2022-08-01,Company B,P005,Wellness,191.4,15.7,0,5
2022-09-01,Company B,P005,Wellness,178.7,15.77,0,0
2022-10-01,Company B,P005,Wellness,175.5,15.79,0,0
2022-11-01,Company B,P005,Wellness,192.6,15.63,0,0
2022-12-01,Company B,P005,Wellness,190.2,15.7,0,0
2023-01-01,Company B,P005,Wellness,171.6,16.07,0,0
2023-02-01,Company B,P005,Wellness,190.4,15.31,0,0
2023-03-01,Company B,P005,Wellness,218.1,15.72,1,5
2023-04-01,Company B,P005,Wellness,233.6,15.91,1,0
2023-05-01,Company B,P005,Wellness,190.2,15.65,0,0
2023-06-01,Company B,P005,Wellness,201.3,15.53,0,0
2023-07-01,Company B,P005,Wellness,202.3,15.86,0,1
2023-08-01,Company B,P005,Wellness,181.8,15.15,0,0
2023-09-01,Company B,P005,Wellness,197.1,16.09,0,0
2023-10-01,Company B,P005,Wellness,184.1,15.82,0,0
2023-11-01,Company B,P005,Wellness,217.0,15.6,1,0
2023-12-01,Company B,P005,Wellness,187.6,15.64,0,1
2024-01-01,Company B,P005,Wellness,219.9,15.09,1,0
2024-02-01,Company B,P005,Wellness,213.3,15.68,0,2
2024-03-01,Company B,P005,Wellness,207.1,15.57,0,0
2024-04-01,Company B,P005,Wellness,209.7,15.87,0,0
2024-05-01,Company B,P005,Wellness,206.3,15.88,0,0
2024-06-01,Company B,P005,Wellness,211.0,15.41,0,0
2024-07-01,Company B,P005,Wellness,207.2,15.85,0,0
2024-08-01,Company B,P005,Wellness,208.9,15.53,0,0
2024-09-01,Company B,P005,Wellness,195.9,15.29,0,0
2024-10-01,Company B,P005,Wellness,183.3,15.57,0,0
2024-11-01,Company B,P005,Wellness,191.8,15.34,0,2
2024-12-01,Company B,P005,Wellness,205.8,15.54,0,0
2025-01-01,Company B,P005,Wellness,205.2,15.63,0,0
2025-02-01,Company B,P005,Wellness,247.2,15.98,1,0
2025-03-01,Company B,P005,Wellness,234.6,16.16,0,0
2025-04-01,Company B,P005,Wellness,229.8,15.73,0,1
2025-05-01,Company B,P005,Wellness,229.5,15.77,0,0
2025-06-01,Company B,P005,Wellness,234.0,15.84,0,0
2025-07-01,Company B,P005,Wellness,234.3,16.35,0,0
2025-08-01,Company B,P005,Wellness,228.2,15.9,0,0
2025-09-01,Company B,P005,Wellness,240.5,15.49,1,0
2025-10-01,Company B,P005,Wellness,225.6,15.55,0,0
2025-11-01,Company B,P005,Wellness,228.7,15.37,1,0
2025-12-01,Company B,P005,Wellness,221.5,15.51,0,0
2022-01-01,Company B,P006,Wellness,197.3,17.5,0,3
2022-02-01,Company B,P006,Wellness,204.0,17.65,0,2
2022-03-01,Company B,P006,Wellness,192.4,17.55,0,0
2022-04-01,Company B,P006,Wellness,244.7,17.28,1,1
2022-05-01,Company B,P006,Wellness,210.7,17.47,0,0
2022-06-01,Company B,P006,Wellness,218.0,17.5,0,5
2022-07-01,Company B,P006,Wellness,206.5,17.31,0,0
2022-08-01,Company B,P006,Wellness,192.8,16.95,0,0
2022-09-01,Company B,P006,Wellness,193.8,17.56,0,0
2022-10-01,Company B,P006,Wellness,216.3,17.73,1,1
2022-11-01,Company B,P006,Wellness,199.4,17.42,0,0
2022-12-01,Company B,P006,Wellness,219.1,17.7,1,0
2023-01-01,Company B,P006,Wellness,208.9,17.86,0,0
2023-02-01,Company B,P006,Wellness,216.5,17.95,0,0
2023-03-01,Company B,P006,Wellness,223.7,17.05,0,0
2023-04-01,Company B,P006,Wellness,228.4,17.41,0,0
2023-05-01,Company B,P006,Wellness,237.4,17.64,0,1
2023-06-01,Company B,P006,Wellness,222.4,17.76,0,3
2023-07-01,Company B,P006,Wellness,240.1,17.66,1,5
2023-08-01,Company B,P006,Wellness,208.0,17.7,0,1
2023-09-01,Company B,P006,Wellness,221.6,18.01,1,0
2023-10-01,Company B,P006,Wellness,192.0,17.47,0,2
2023-11-01,Company B,P006,Wellness,212.1,17.4,0,0
2023-12-01,Company B,P006,Wellness,227.7,17.87,0,3
2024-01-01,Company B,P006,Wellness,236.2,17.92,0,3
2024-02-01,Company B,P006,Wellness,236.6,17.61,0,0
2024-03-01,Company B,P006,Wellness,260.4,17.66,0,0
2024-04-01,Company B,P006,Wellness,245.2,17.6,0,0
2024-05-01,Company B,P006,Wellness,255.2,17.84,0,0
2024-06-01,Company B,P006,Wellness,239.9,17.58,0,2
2024-07-01,Company B,P006,Wellness,234.7,17.85,0,1
2024-08-01,Company B,P006,Wellness,220.7,18.04,0,0
2024-09-01,Company B,P006,Wellness,210.1,17.29,0,3
2024-10-01,Company B,P006,Wellness,206.9,17.76,0,0
2024-11-01,Company B,P006,Wellness,225.0,17.55,0,0
2024-12-01,Company B,P006,Wellness,225.1,17.45,0,0
2025-01-01,Company B,P006,Wellness,229.1,17.71,0,0
2025-02-01,Company B,P006,Wellness,236.9,17.33,0,0
2025-03-01,Company B,P006,Wellness,252.9,17.91,0,0
2025-04-01,Company B,P006,Wellness,274.9,17.55,0,0
2025-05-01,Company B,P006,Wellness,272.7,17.87,0,0
2025-06-01,Company B,P006,Wellness,258.1,17.25,0,0
2025-07-01,Company B,P006,Wellness,259.9,17.8,0,0
2025-08-01,Company B,P006,Wellness,249.5,17.35,0,0
2025-09-01,Company B,P006,Wellness,232.0,17.26,0,0
2025-10-01,Company B,P006,Wellness,252.1,17.37,0,0
2025-11-01,Company B,P006,Wellness,234.1,17.03,0,2
2025-12-01,Company B,P006,Wellness,249.6,17.35,0,0
2022-01-01,Company B,P007,OTC,208.6,19.41,0,0
2022-02-01,Company B,P007,OTC,214.7,18.94,0,1
2022-03-01,Company B,P007,OTC,220.2,19.23,0,0
2022-04-01,Company B,P007,OTC,232.1,19.66,0,0
2022-05-01,Company B,P007,OTC,224.6,19.39,0,1
2022-06-01,Company B,P007,OTC,209.4,19.41,0,0
2022-07-01,Company B,P007,OTC,227.1,19.13,0,0
2022-08-01,Company B,P007,OTC,200.6,19.24,0,0
2022-09-01,Company B,P007,OTC,201.5,19.04,0,3
2022-10-01,Company B,P007,OTC,222.9,19.54,0,0
2022-11-01,Company B,P007,OTC,218.0,19.08,0,0
2022-12-01,Company B,P007,OTC,227.4,19.6,0,0
2023-01-01,Company B,P007,OTC,231.4,18.58,0,0
2023-02-01,Company B,P007,OTC,235.4,19.48,0,1
2023-03-01,Company B,P007,OTC,240.5,19.32,0,0
2023-04-01,Company B,P007,OTC,253.1,19.03,0,0
2023-05-01,Company B,P007,OTC,230.8,19.34,0,0
2023-06-01,Company B,P007,OTC,234.6,19.26,0,2
2023-07-01,Company B,P007,OTC,246.0,18.97,1,2
2023-08-01,Company B,P007,OTC,232.7,19.2,0,0
2023-09-01,Company B,P007,OTC,249.7,19.65,0,0
2023-10-01,Company B,P007,OTC,223.3,18.86,0,0
2023-11-01,Company B,P007,OTC,241.4,19.18,0,0
2023-12-01,Company B,P007,OTC,230.5,19.4,0,0
2024-01-01,Company B,P007,OTC,247.4,19.57,0,0
2024-02-01,Company B,P007,OTC,256.7,19.49,0,0
2024-03-01,Company B,P007,OTC,247.0,19.17,0,0
2024-04-01,Company B,P007,OTC,257.5,18.84,0,0
2024-05-01,Company B,P007,OTC,269.1,19.54,0,0
2024-06-01,Company B,P007,OTC,258.8,19.19,0,0
2024-07-01,Company B,P007,OTC,269.9,19.42,1,0
2024-08-01,Company B,P007,OTC,245.8,19.43,0,0
2024-09-01,Company B,P007,OTC,267.0,19.3,1,0
2024-10-01,Company B,P007,OTC,244.6,19.67,0,1
2024-11-01,Company B,P007,OTC,247.2,19.58,0,1
2024-12-01,Company B,P007,OTC,261.7,19.24,0,0
2025-01-01,Company B,P007,OTC,280.6,19.54,1,0
2025-02-01,Company B,P007,OTC,265.4,19.33,0,0
2025-03-01,Company B,P007,OTC,280.4,18.96,0,0
2025-04-01,Company B,P007,OTC,277.9,19.17,0,0
2025-05-01,Company B,P007,OTC,269.5,19.49,0,0
2025-06-01,Company B,P007,OTC,266.0,19.37,0,3
2025-07-01,Company B,P007,OTC,291.9,19.27,1,5
2025-08-01,Company B,P007,OTC,256.0,19.92,0,0
2025-09-01,Company B,P007,OTC,274.3,19.05,0,0
2025-10-01,Company B,P007,OTC,270.8,19.36,0,5
2025-11-01,Company B,P007,OTC,268.2,19.57,0,0
2025-12-01,Company B,P007,OTC,270.1,19.04,0,0
2022-01-01,Company B,P008,Prescription,234.3,21.34,0,0
2022-02-01,Company B,P008,Prescription,247.6,21.16,0,1
2022-03-01,Company B,P008,Prescription,242.9,21.13,0,0
2022-04-01,Company B,P008,Prescription,253.2,21.26,1,0
2022-05-01,Company B,P008,Prescription,238.0,20.79,0,0
2022-06-01,Company B,P008,Prescription,243.7,21.24,0,0
2022-07-01,Company B,P008,Prescription,229.3,20.63,0,0
2022-08-01,Company B,P008,Prescription,221.9,20.97,0,0
2022-09-01,Company B,P008,Prescription,231.4,21.32,0,1
2022-10-01,Company B,P008,Prescription,228.7,21.18,0,1
2022-11-01,Company B,P008,Prescription,229.1,21.02,0,0
2022-12-01,Company B,P008,Prescription,238.3,20.93,0,5
2023-01-01,Company B,P008,Prescription,273.5,21.12,1,0
2023-02-01,Company B,P008,Prescription,251.8,20.75,0,0
2023-03-01,Company B,P008,Prescription,259.8,21.11,0,3
2023-04-01,Company B,P008,Prescription,257.0,21.24,0,1
2023-05-01,Company B,P008,Prescription,266.4,20.54,0,0
2023-06-01,Company B,P008,Prescription,293.5,21.56,1,0
2023-07-01,Company B,P008,Prescription,269.7,21.16,1,0
2023-08-01,Company B,P008,Prescription,246.8,21.32,0,0
2023-09-01,Company B,P008,Prescription,237.9,21.02,0,0
2023-10-01,Company B,P008,Prescription,257.9,21.36,0,0
2023-11-01,Company B,P008,Prescription,237.8,21.46,0,1
2023-12-01,Company B,P008,Prescription,271.9,21.42,0,1
2024-01-01,Company B,P008,Prescription,266.3,21.16,0,0
2024-02-01,Company B,P008,Prescription,281.8,21.39,0,0
2024-03-01,Company B,P008,Prescription,280.4,20.47,0,0
2024-04-01,Company B,P008,Prescription,290.5,21.13,0,0
2024-05-01,Company B,P008,Prescription,275.9,21.09,0,1
2024-06-01,Company B,P008,Prescription,300.8,20.7,1,5
2024-07-01,Company B,P008,Prescription,293.5,21.09,0,0
2024-08-01,Company B,P008,Prescription,271.6,20.95,0,1
2024-09-01,Company B,P008,Prescription,262.1,21.07,0,3
2024-10-01,Company B,P008,Prescription,267.4,21.49,0,0
2024-11-01,Company B,P008,Prescription,261.1,20.99,0,0
2024-12-01,Company B,P008,Prescription,280.2,21.45,0,0
2025-01-01,Company B,P008,Prescription,286.6,21.7,0,0
2025-02-01,Company B,P008,Prescription,286.0,21.68,0,0
2025-03-01,Company B,P008,Prescription,330.4,21.27,1,1
2025-04-01,Company B,P008,Prescription,303.8,20.98,0,0
2025-05-01,Company B,P008,Prescription,303.6,21.28,0,0
2025-06-01,Company B,P008,Prescription,298.9,21.13,0,0
2025-07-01,Company B,P008,Prescription,291.8,21.36,0,3
2025-08-01,Company B,P008,Prescription,287.3,20.59,0,5
2025-09-01,Company B,P008,Prescription,291.3,20.91,0,0
2025-10-01,Company B,P008,Prescription,283.4,21.28,0,0
2025-11-01,Company B,P008,Prescription,293.5,21.08,0,0
2025-12-01,Company B,P008,Prescription,300.9,21.37,0,3
2022-01-01,Company C,P001,OTC,113.2,8.79,0,0
2022-02-01,Company C,P001,OTC,119.8,8.78,0,0
2022-03-01,Company C,P001,OTC,123.0,9.12,0,0
2022-04-01,Company C,P001,OTC,139.8,9.25,0,0
2022-05-01,Company C,P001,OTC,127.0,8.89,0,3
2022-06-01,Company C,P001,OTC,120.2,8.83,0,0
2022-07-01,Company C,P001,OTC,120.4,9.62,0,0
2022-08-01,Company C,P001,OTC,113.6,9.06,0,0
2022-09-01,Company C,P001,OTC,103.2,9.21,0,0
2022-10-01,Company C,P001,OTC,115.4,9.32,0,0
2022-11-01,Company C,P001,OTC,115.8,8.69,1,0
2022-12-01,Company C,P001,OTC,107.9,9.06,0,0
2023-01-01,Company C,P001,OTC,129.5,8.71,0,5
2023-02-01,Company C,P001,OTC,138.2,9.31,0,0
2023-03-01,Company C,P001,OTC,147.3,9.46,1,0
2023-04-01,Company C,P001,OTC,132.7,9.5,0,5
2023-05-01,Company C,P001,OTC,133.0,9.2,0,0
2023-06-01,Company C,P001,OTC,152.0,9.19,1,0
2023-07-01,Company C,P001,OTC,121.9,9.06,0,0
2023-08-01,Company C,P001,OTC,129.4,9.07,0,0
2023-09-01,Company C,P001,OTC,118.4,8.79,0,0
2023-10-01,Company C,P001,OTC,120.3,9.17,0,0
2023-11-01,Company C,P001,OTC,125.7,8.99,0,3
2023-12-01,Company C,P001,OTC,129.4,9.17,0,0
2024-01-01,Company C,P001,OTC,146.2,8.87,1,0
2024-02-01,Company C,P001,OTC,148.5,9.13,0,0
2024-03-01,Company C,P001,OTC,169.4,8.94,0,0
2024-04-01,Company C,P001,OTC,150.6,9.21,0,1
2024-05-01,Company C,P001,OTC,148.7,9.07,0,0
2024-06-01,Company C,P001,OTC,142.1,8.85,0,0
2024-07-01,Company C,P001,OTC,153.9,8.64,1,0
2024-08-01,Company C,P001,OTC,137.2,9.14,0,0
2024-09-01,Company C,P001,OTC,131.9,8.78,0,3
2024-10-01,Company C,P001,OTC,118.9,9.27,0,0
2024-11-01,Company C,P001,OTC,131.1,9.19,0,5
2024-12-01,Company C,P001,OTC,137.4,9.16,0,0
2025-01-01,Company C,P001,OTC,130.8,8.82,0,0
2025-02-01,Company C,P001,OTC,156.7,8.75,1,0
2025-03-01,Company C,P001,OTC,143.9,8.64,0,0
2025-04-01,Company C,P001,OTC,147.8,8.97,0,5
2025-05-01,Company C,P001,OTC,154.7,9.26,0,1
2025-06-01,Company C,P001,OTC,162.1,8.92,0,0
2025-07-01,Company C,P001,OTC,162.9,9.12,1,0
2025-08-01,Company C,P001,OTC,156.0,9.01,1,0
2025-09-01,Company C,P001,OTC,130.6,9.25,0,0
2025-10-01,Company C,P001,OTC,147.7,9.56,0,0
2025-11-01,Company C,P001,OTC,141.1,8.58,0,0
2025-12-01,Company C,P001,OTC,158.9,8.77,1,0
2022-01-01,Company C,P002,OTC,121.6,10.95,0,0
2022-02-01,Company C,P002,OTC,170.0,10.53,1,3
2022-03-01,Company C,P002,OTC,150.3,11.07,0,0
2022-04-01,Company C,P002,OTC,157.5,11.08,1,0
2022-05-01,Company C,P002,OTC,149.9,10.92,0,1
2022-06-01,Company C,P002,OTC,132.8,11.02,0,0
2022-07-01,Company C,P002,OTC,137.2,10.45,0,3
2022-08-01,Company C,P002,OTC,134.2,10.64,0,0
2022-09-01,Company C,P002,OTC,124.5,10.83,0,0
2022-10-01,Company C,P002,OTC,139.2,10.68,0,0
2022-11-01,Company C,P002,OTC,146.8,10.72,1,1
2022-12-01,Company C,P002,OTC,132.5,10.76,0,0
2023-01-01,Company C,P002,OTC,152.0,11.04,1,0
2023-02-01,Company C,P002,OTC,147.8,11.24,0,0
2023-03-01,Company C,P002,OTC,167.4,10.61,0,0
2023-04-01,Company C,P002,OTC,168.4,10.7,0,0
2023-05-01,Company C,P002,OTC,161.1,10.68,0,3
2023-06-01,Company C,P002,OTC,177.6,10.91,1,0
2023-07-01,Company C,P002,OTC,149.8,10.94,0,0
2023-08-01,Company C,P002,OTC,150.3,11.57,0,3
2023-09-01,Company C,P002,OTC,143.9,10.55,0,0
2023-10-01,Company C,P002,OTC,142.5,10.76,0,0
2023-11-01,Company C,P002,OTC,147.0,10.76,0,1
2023-12-01,Company C,P002,OTC,152.4,10.4,0,0
2024-01-01,Company C,P002,OTC,160.3,11.03,0,0
2024-02-01,Company C,P002,OTC,162.5,10.63,0,0
2024-03-01,Company C,P002,OTC,167.8,10.33,0,0
2024-04-01,Company C,P002,OTC,168.6,10.74,0,0
2024-05-01,Company C,P002,OTC,156.9,10.71,0,0
2024-06-01,Company C,P002,OTC,171.9,10.43,0,0
2024-07-01,Company C,P002,OTC,161.0,10.93,0,0
2024-08-01,Company C,P002,OTC,156.9,11.01,0,0
2024-09-01,Company C,P002,OTC,127.7,10.64,0,0
2024-10-01,Company C,P002,OTC,149.7,10.79,0,0
2024-11-01,Company C,P002,OTC,143.7,10.92,0,0
2024-12-01,Company C,P002,OTC,154.9,10.88,0,1
2025-01-01,Company C,P002,OTC,152.8,10.43,0,0
2025-02-01,Company C,P002,OTC,186.2,10.96,1,1
2025-03-01,Company C,P002,OTC,176.9,10.86,0,1
2025-04-01,Company C,P002,OTC,176.5,10.78,0,0
2025-05-01,Company C,P002,OTC,176.9,10.41,0,0
2025-06-01,Company C,P002,OTC,162.9,10.6,0,0
2025-07-01,Company C,P002,OTC,175.4,10.57,0,0
2025-08-01,Company C,P002,OTC,160.6,10.9,0,0
2025-09-01,Company C,P002,OTC,168.8,10.42,0,0
2025-10-01,Company C,P002,OTC,172.8,10.92,0,0
2025-11-01,Company C,P002,OTC,161.9,10.25,0,0
2025-12-01,Company C,P002,OTC,165.4,10.52,0,1
2022-01-01,Company C,P003,Prescription,157.6,12.63,0,0
2022-02-01,Company C,P003,Prescription,176.1,12.87,1,0
2022-03-01,Company C,P003,Prescription,168.9,12.7,0,0
2022-04-01,Company C,P003,Prescription,175.5,12.2,0,5
2022-05-01,Company C,P003,Prescription,168.9,12.28,0,0
2022-06-01,Company C,P003,Prescription,164.0,12.53,0,2
2022-07-01,Company C,P003,Prescription,174.6,12.62,1,0
2022-08-01,Company C,P003,Prescription,164.6,12.49,1,0
2022-09-01,Company C,P003,Prescription,162.2,12.2,1,0
2022-10-01,Company C,P003,Prescription,149.1,12.97,0,0
2022-11-01,Company C,P003,Prescription,139.0,12.54,0,0
2022-12-01,Company C,P003,Prescription,142.1,12.27,0,0
2023-01-01,Company C,P003,Prescription,179.0,12.94,0,2
2023-02-01,Company C,P003,Prescription,179.0,12.21,0,0
2023-03-01,Company C,P003,Prescription,182.8,12.27,0,3
2023-04-01,Company C,P003,Prescription,179.8,12.88,0,0
2023-05-01,Company C,P003,Prescription,187.6,12.84,0,2
2023-06-01,Company C,P003,Prescription,184.3,12.78,0,0
2023-07-01,Company C,P003,Prescription,166.8,12.3,0,0
2023-08-01,Company C,P003,Prescription,163.7,12.96,0,0
2023-09-01,Company C,P003,Prescription,165.6,12.54,0,1
2023-10-01,Company C,P003,Prescription,166.4,12.76,0,2
2023-11-01,Company C,P003,Prescription,172.2,12.55,0,0
2023-12-01,Company C,P003,Prescription,157.6,12.73,0,0
2024-01-01,Company C,P003,Prescription,201.6,12.69,1,0
2024-02-01,Company C,P003,Prescription,183.5,12.6,0,0
2024-03-01,Company C,P003,Prescription,191.2,12.52,0,0
2024-04-01,Company C,P003,Prescription,206.6,12.7,0,0
2024-05-01,Company C,P003,Prescription,192.1,12.99,0,0
2024-06-01,Company C,P003,Prescription,191.0,12.72,0,5
2024-07-01,Company C,P003,Prescription,178.5,12.82,0,2
2024-08-01,Company C,P003,Prescription,177.1,12.56,0,0
2024-09-01,Company C,P003,Prescription,164.2,13.0,0,5
2024-10-01,Company C,P003,Prescription,172.9,12.41,0,0
2024-11-01,Company C,P003,Prescription,157.9,12.83,0,0
2024-12-01,Company C,P003,Prescription,181.7,12.75,0,0
2025-01-01,Company C,P003,Prescription,206.3,12.29,1,0
2025-02-01,Company C,P003,Prescription,209.9,12.78,0,0
2025-03-01,Company C,P003,Prescription,210.2,12.78,0,0
2025-04-01,Company C,P003,Prescription,206.0,12.45,0,0
2025-05-01,Company C,P003,Prescription,206.9,12.74,0,0
2025-06-01,Company C,P003,Prescription,217.1,12.62,0,0
2025-07-01,Company C,P003,Prescription,209.9,12.34,0,0
2025-08-01,Company C,P003,Prescription,182.3,12.59,0,0
2025-09-01,Company C,P003,Prescription,185.5,12.51,0,1
2025-10-01,Company C,P003,Prescription,176.2,12.16,0,0
2025-11-01,Company C,P003,Prescription,221.3,12.25,1,0
2025-12-01,Company C,P003,Prescription,197.3,12.19,0,0
2022-01-01,Company C,P004,Prescription,167.7,14.56,0,0
2022-02-01,Company C,P004,Prescription,189.5,13.94,1,0
2022-03-01,Company C,P004,Prescription,175.1,14.49,0,0
2022-04-01,Company C,P004,Prescription,178.5,14.18,0,2
2022-05-01,Company C,P004,Prescription,199.2,14.41,0,2
2022-06-01,Company C,P004,Prescription,184.8,14.58,0,3
2022-07-01,Company C,P004,Prescription,173.9,14.36,0,2
2022-08-01,Company C,P004,Prescription,180.8,14.46,0,5
2022-09-01,Company C,P004,Prescription,180.2,14.38,0,3
2022-10-01,Company C,P004,Prescription,154.6,14.76,0,0
2022-11-01,Company C,P004,Prescription,169.6,14.76,0,1
2022-12-01,Company C,P004,Prescription,180.5,14.56,0,2
2023-01-01,Company C,P004,Prescription,197.2,14.17,0,0
2023-02-01,Company C,P004,Prescription,192.3,14.29,0,0
2023-03-01,Company C,P004,Prescription,182.0,14.4,0,0
2023-04-01,Company C,P004,Prescription,198.5,14.52,0,3
2023-05-01,Company C,P004,Prescription,181.5,14.06,0,0
2023-06-01,Company C,P004,Prescription,198.6,14.23,0,0
2023-07-01,Company C,P004,Prescription,193.4,14.43,0,3
2023-08-01,Company C,P004,Prescription,186.2,14.1,0,1
2023-09-01,Company C,P004,Prescription,191.6,14.58,0,1
2023-10-01,Company C,P004,Prescription,169.8,14.72,0,3
2023-11-01,Company C,P004,Prescription,181.8,14.13,0,5
2023-12-01,Company C,P004,Prescription,181.5,14.21,0,0
2024-01-01,Company C,P004,Prescription,194.0,14.36,0,0
2024-02-01,Company C,P004,Prescription,200.8,14.52,0,0
2024-03-01,Company C,P004,Prescription,209.2,14.2,0,0
2024-04-01,Company C,P004,Prescription,214.9,14.51,0,0
2024-05-01,Company C,P004,Prescription,216.4,14.63,0,0
2024-06-01,Company C,P004,Prescription,218.7,14.46,0,0
2024-07-01,Company C,P004,Prescription,204.8,14.22,0,0
2024-08-01,Company C,P004,Prescription,195.0,14.42,0,0
2024-09-01,Company C,P004,Prescription,225.1,14.23,1,0
2024-10-01,Company C,P004,Prescription,188.2,13.97,0,0
2024-11-01,Company C,P004,Prescription,194.1,13.98,0,0
2024-12-01,Company C,P004,Prescription,213.0,14.33,0,1
2025-01-01,Company C,P004,Prescription,215.8,14.34,0,0
2025-02-01,Company C,P004,Prescription,215.8,14.08,0,1
2025-03-01,Company C,P004,Prescription,218.9,14.59,0,0
2025-04-01,Company C,P004,Prescription,224.7,14.69,0,0
2025-05-01,Company C,P004,Prescription,232.2,14.59,0,0
2025-06-01,Company C,P004,Prescription,224.9,14.54,0,0
2025-07-01,Company C,P004,Prescription,209.5,14.51,0,0
2025-08-01,Company C,P004,Prescription,214.9,13.94,0,0
2025-09-01,Company C,P004,Prescription,241.2,14.1,1,0
2025-10-01,Company C,P004,Prescription,240.4,14.28,1,0
2025-11-01,Company C,P004,Prescription,208.0,14.58,0,0
2025-12-01,Company C,P004,Prescription,221.5,13.99,0,2
2022-01-01,Company C,P005,Wellness,185.6,16.12,0,0
2022-02-01,Company C,P005,Wellness,196.7,16.45,0,0
2022-03-01,Company C,P005,Wellness,202.0,16.18,0,0
2022-04-01,Company C,P005,Wellness,201.4,16.07,0,0
2022-05-01,Company C,P005,Wellness,199.9,16.02,0,3
2022-06-01,Company C,P005,Wellness,211.9,16.12,0,0
2022-07-01,Company C,P005,Wellness,193.2,16.15,0,0
2022-08-01,Company C,P005,Wellness,194.8,16.26,0,0
2022-09-01,Company C,P005,Wellness,176.4,16.74,0,3
2022-10-01,Company C,P005,Wellness,195.0,16.27,0,2
2022-11-01,Company C,P005,Wellness,184.1,16.16,0,0
2022-12-01,Company C,P005,Wellness,195.4,16.66,0,0
2023-01-01,Company C,P005,Wellness,200.6,16.88,0,0
2023-02-01,Company C,P005,Wellness,232.4,16.01,1,0
2023-03-01,Company C,P005,Wellness,216.8,15.73,0,0
2023-04-01,Company C,P005,Wellness,215.9,16.3,0,5
2023-05-01,Company C,P005,Wellness,209.1,16.61,0,0
2023-06-01,Company C,P005,Wellness,218.1,16.62,0,0
2023-07-01,Company C,P005,Wellness,209.2,15.94,0,0
2023-08-01,Company C,P005,Wellness,193.1,16.3,0,0
2023-09-01,Company C,P005,Wellness,189.1,16.27,0,0
2023-10-01,Company C,P005,Wellness,201.5,16.51,0,0
2023-11-01,Company C,P005,Wellness,194.2,16.1,0,0
2023-12-01,Company C,P005,Wellness,198.7,15.85,0,0
2024-01-01,Company C,P005,Wellness,239.7,15.8,1,5
2024-02-01,Company C,P005,Wellness,219.9,16.28,0,0
2024-03-01,Company C,P005,Wellness,219.2,16.14,0,0
2024-04-01,Company C,P005,Wellness,221.8,15.94,0,1
2024-05-01,Company C,P005,Wellness,244.8,16.81,0,0
2024-06-01,Company C,P005,Wellness,212.2,16.14,0,0
2024-07-01,Company C,P005,Wellness,226.2,16.3,0,3
2024-08-01,Company C,P005,Wellness,227.9,16.37,1,0
2024-09-01,Company C,P005,Wellness,221.2,15.84,0,0
2024-10-01,Company C,P005,Wellness,205.8,16.39,0,1
2024-11-01,Company C,P005,Wellness,220.6,16.25,0,0
2024-12-01,Company C,P005,Wellness,224.3,16.57,0,0
2025-01-01,Company C,P005,Wellness,225.4,16.38,0,2
2025-02-01,Company C,P005,Wellness,250.8,15.71,0,1
2025-03-01,Company C,P005,Wellness,240.9,16.8,0,0
2025-04-01,Company C,P005,Wellness,250.1,15.7,0,3
2025-05-01,Company C,P005,Wellness,244.3,15.99,0,2
2025-06-01,Company C,P005,Wellness,249.6,16.09,0,0
2025-07-01,Company C,P005,Wellness,231.8,15.94,0,0
2025-08-01,Company C,P005,Wellness,221.5,16.25,0,0
2025-09-01,Company C,P005,Wellness,224.8,16.27,0,0
2025-10-01,Company C,P005,Wellness,235.6,16.39,0,0
2025-11-01,Company C,P005,Wellness,229.9,15.86,0,0
2025-12-01,Company C,P005,Wellness,230.2,16.31,0,1
2022-01-01,Company C,P006,Wellness,206.3,17.74,0,0
2022-02-01,Company C,P006,Wellness,218.2,17.83,0,0
2022-03-01,Company C,P006,Wellness,215.5,17.69,0,0
2022-04-01,Company C,P006,Wellness,226.4,18.56,0,0
2022-05-01,Company C,P006,Wellness,220.9,18.12,0,0
2022-06-01,Company C,P006,Wellness,221.9,18.06,0,1
2022-07-01,Company C,P006,Wellness,213.8,17.97,0,0
2022-08-01,Company C,P006,Wellness,203.2,18.0,0,1
2022-09-01,Company C,P006,Wellness,190.5,17.61,0,0
2022-10-01,Company C,P006,Wellness,195.4,18.16,0,3
2022-11-01,Company C,P006,Wellness,194.3,17.88,0,0
2022-12-01,Company C,P006,Wellness,205.6,18.04,0,1
2023-01-01,Company C,P006,Wellness,215.3,17.96,0,0
2023-02-01,Company C,P006,Wellness,247.9,17.64,1,1
2023-03-01,Company C,P006,Wellness,236.1,17.86,0,0
2023-04-01,Company C,P006,Wellness,248.1,17.98,0,0
2023-05-01,Company C,P006,Wellness,244.8,18.09,0,0
2023-06-01,Company C,P006,Wellness,242.7,18.18,0,0
2023-07-01,Company C,P006,Wellness,249.2,18.27,1,0
2023-08-01,Company C,P006,Wellness,224.1,18.1,0,2
2023-09-01,Company C,P006,Wellness,217.4,17.45,0,0
2023-10-01,Company C,P006,Wellness,216.1,18.35,0,5
2023-11-01,Company C,P006,Wellness,200.0,17.88,0,1
2023-12-01,Company C,P006,Wellness,237.1,18.22,0,0
2024-01-01,Company C,P006,Wellness,245.8,18.0,0,0
2024-02-01,Company C,P006,Wellness,243.5,18.19,0,0
2024-03-01,Company C,P006,Wellness,248.1,17.7,0,0
2024-04-01,Company C,P006,Wellness,262.2,18.2,0,0
2024-05-01,Company C,P006,Wellness,261.6,18.04,0,0
2024-06-01,Company C,P006,Wellness,267.8,18.19,1,0
2024-07-01,Company C,P006,Wellness,257.8,18.01,0,0
2024-08-01,Company C,P006,Wellness,252.3,18.14,1,0
2024-09-01,Company C,P006,Wellness,244.0,18.24,0,0
2024-10-01,Company C,P006,Wellness,229.0,18.18,0,5
2024-11-01,Company C,P006,Wellness,243.7,17.98,0,0
2024-12-01,Company C,P006,Wellness,243.3,17.76,0,0
2025-01-01,Company C,P006,Wellness,257.2,17.98,0,5
2025-02-01,Company C,P006,Wellness,292.9,18.05,1,0
2025-03-01,Company C,P006,Wellness,269.9,18.86,0,0
2025-04-01,Company C,P006,Wellness,286.0,17.54,0,0
2025-05-01,Company C,P006,Wellness,272.9,17.57,0,0
2025-06-01,Company C,P006,Wellness,272.4,17.79,0,0
2025-07-01,Company C,P006,Wellness,265.7,18.33,0,0
2025-08-01,Company C,P006,Wellness,263.5,17.67,1,0
2025-09-01,Company C,P006,Wellness,249.9,18.08,0,2
2025-10-01,Company C,P006,Wellness,250.2,18.13,0,2
2025-11-01,Company C,P006,Wellness,255.1,17.81,0,2
2025-12-01,Company C,P006,Wellness,265.1,18.08,0,2
2022-01-01,Company C,P007,OTC,231.6,19.82,0,0
2022-02-01,Company C,P007,OTC,229.3,19.9,0,0
2022-03-01,Company C,P007,OTC,229.6,20.33,0,0
2022-04-01,Company C,P007,OTC,261.2,19.55,1,0
2022-05-01,Company C,P007,OTC,240.7,19.39,0,0
2022-06-01,Company C,P007,OTC,229.1,19.3,0,1
2022-07-01,Company C,P007,OTC,242.2,19.74,0,0
2022-08-01,Company C,P007,OTC,235.6,19.71,0,0
2022-09-01,Company C,P007,OTC,228.2,19.77,0,2
2022-10-01,Company C,P007,OTC,252.7,20.1,1,1
2022-11-01,Company C,P007,OTC,223.7,20.21,0,0
2022-12-01,Company C,P007,OTC,223.2,19.63,0,0
2023-01-01,Company C,P007,OTC,273.8,19.63,1,3
2023-02-01,Company C,P007,OTC,271.4,19.56,1,0
2023-03-01,Company C,P007,OTC,258.5,19.85,0,0
2023-04-01,Company C,P007,OTC,261.9,19.81,0,0
2023-05-01,Company C,P007,OTC,249.9,19.54,0,3
2023-06-01,Company C,P007,OTC,253.6,19.85,0,2
2023-07-01,Company C,P007,OTC,261.1,19.73,0,0
2023-08-01,Company C,P007,OTC,230.2,19.6,0,0
2023-09-01,Company C,P007,OTC,250.9,20.18,0,0
2023-10-01,Company C,P007,OTC,250.9,19.68,0,0
2023-11-01,Company C,P007,OTC,241.2,19.6,0,0
2023-12-01,Company C,P007,OTC,267.5,19.48,1,0
2024-01-01,Company C,P007,OTC,273.2,19.9,0,3
2024-02-01,Company C,P007,OTC,282.1,19.71,1,0
2024-03-01,Company C,P007,OTC,251.6,20.0,0,0
2024-04-01,Company C,P007,OTC,288.6,19.62,0,0
2024-05-01,Company C,P007,OTC,278.3,19.69,0,0
2024-06-01,Company C,P007,OTC,282.3,19.82,0,0
2024-07-01,Company C,P007,OTC,262.3,20.22,0,0
2024-08-01,Company C,P007,OTC,271.9,19.62,0,3
2024-09-01,Company C,P007,OTC,260.2,19.86,0,0
2024-10-01,Company C,P007,OTC,259.1,19.88,1,0
2024-11-01,Company C,P007,OTC,266.3,19.86,0,0
2024-12-01,Company C,P007,OTC,274.1,19.66,0,0
2025-01-01,Company C,P007,OTC,271.0,19.83,0,0
2025-02-01,Company C,P007,OTC,276.8,19.69,0,0
2025-03-01,Company C,P007,OTC,294.7,19.36,0,0
2025-04-01,Company C,P007,OTC,305.5,20.06,0,0
2025-05-01,Company C,P007,OTC,294.4,19.68,0,2
2025-06-01,Company C,P007,OTC,274.0,20.08,0,0
2025-07-01,Company C,P007,OTC,281.4,19.89,0,2
2025-08-01,Company C,P007,OTC,284.6,19.93,0,0
2025-09-01,Company C,P007,OTC,279.2,19.43,0,0
2025-10-01,Company C,P007,OTC,285.2,19.71,0,0
2025-11-01,Company C,P007,OTC,284.3,19.88,0,0
2025-12-01,Company C,P007,OTC,269.9,20.04,0,3
2022-01-01,Company C,P008,Prescription,238.9,21.78,0,0
2022-02-01,Company C,P008,Prescription,239.5,22.04,0,2
2022-03-01,Company C,P008,Prescription,243.3,21.57,0,1
2022-04-01,Company C,P008,Prescription,274.5,21.68,0,1
2022-05-01,Company C,P008,Prescription,282.5,21.5,1,0
2022-06-01,Company C,P008,Prescription,242.2,22.0,0,0
2022-07-01,Company C,P008,Prescription,241.2,21.37,0,2
2022-08-01,Company C,P008,Prescription,245.0,21.48,0,0
2022-09-01,Company C,P008,Prescription,240.6,21.48,0,0
2022-10-01,Company C,P008,Prescription,240.1,21.92,0,0
2022-11-01,Company C,P008,Prescription,243.8,21.18,0,0
2022-12-01,Company C,P008,Prescription,257.0,21.41,0,1
2023-01-01,Company C,P008,Prescription,269.6,21.68,0,1
2023-02-01,Company C,P008,Prescription,277.6,21.79,0,1
2023-03-01,Company C,P008,Prescription,267.1,21.78,0,1
2023-04-01,Company C,P008,Prescription,277.1,21.23,0,0
2023-05-01,Company C,P008,Prescription,300.6,21.69,1,0
2023-06-01,Company C,P008,Prescription,289.5,21.8,1,0
2023-07-01,Company C,P008,Prescription,272.2,21.06,0,0
2023-08-01,Company C,P008,Prescription,265.0,21.33,0,0
2023-09-01,Company C,P008,Prescription,289.9,21.6,1,1
2023-10-01,Company C,P008,Prescription,249.7,21.7,0,1
2023-11-01,Company C,P008,Prescription,259.0,21.53,0,2
2023-12-01,Company C,P008,Prescription,273.8,21.59,0,0
2024-01-01,Company C,P008,Prescription,287.2,21.73,0,2
2024-02-01,Company C,P008,Prescription,307.4,21.4,0,0
2024-03-01,Company C,P008,Prescription,309.0,21.82,0,0
2024-04-01,Company C,P008,Prescription,300.3,21.47,0,5
2024-05-01,Company C,P008,Prescription,299.8,21.59,0,3
2024-06-01,Company C,P008,Prescription,295.0,21.44,0,0
2024-07-01,Company C,P008,Prescription,292.6,21.52,0,5
2024-08-01,Company C,P008,Prescription,278.0,21.36,0,0
2024-09-01,Company C,P008,Prescription,276.5,21.06,0,0
2024-10-01,Company C,P008,Prescription,268.2,21.87,0,0
2024-11-01,Company C,P008,Prescription,296.0,22.0,1,0
2024-12-01,Company C,P008,Prescription,283.1,21.75,0,0
2025-01-01,Company C,P008,Prescription,309.2,21.41,0,0
2025-02-01,Company C,P008,Prescription,314.2,21.56,0,3
2025-03-01,Company C,P008,Prescription,324.0,21.68,1,0
2025-04-01,Company C,P008,Prescription,326.3,21.3,0,0
2025-05-01,Company C,P008,Prescription,312.1,21.96,0,0
2025-06-01,Company C,P008,Prescription,328.6,21.23,0,0
2025-07-01,Company C,P008,Prescription,301.6,21.68,0,5
2025-08-01,Company C,P008,Prescription,312.0,21.67,0,0
2025-09-01,Company C,P008,Prescription,304.6,21.61,0,0
2025-10-01,Company C,P008,Prescription,309.7,21.63,0,0
2025-11-01,Company C,P008,Prescription,297.9,21.43,0,3
2025-12-01,Company C,P008,Prescription,323.1,21.69,0,0
